CREATE TABLE IF NOT EXISTS "auth_group" ("id" integer NOT NULL PRIMARY KEY AUTOINCREMENT, "name" varchar(150) NOT NULL UNIQUE);
CREATE UNIQUE INDEX "auth_group_permissions_group_id_permission_id_0cd325b0_uniq" ON "auth_group_permissions" ("group_id", "permission_id");
CREATE INDEX IF NOT EXISTS "auth_group_permissions_group_id_b120cbf9" ON "auth_group_permissions" ("group_id");
CREATE INDEX IF NOT EXISTS "auth_group_permissions_permission_id_84c5c92e" ON "auth_group_permissions" ("permission_id");
CREATE UNIQUE INDEX "auth_user_groups_user_id_group_id_94350c0c_uniq" ON "auth_user_groups" ("user_id", "group_id");
CREATE INDEX IF NOT EXISTS "auth_user_groups_user_id_6a12ed8b" ON "auth_user_groups" ("user_id");
CREATE INDEX IF NOT EXISTS "auth_user_groups_group_id_97559544" ON "auth_user_groups" ("group_id");
CREATE UNIQUE INDEX "auth_user_user_permissions_user_id_permission_id_14a6b632_uniq" ON "auth_user_user_permissions" ("user_id", "permission_id");
CREATE INDEX IF NOT EXISTS "auth_user_user_permissions_user_id_a95ead1b" ON "auth_user_user_permissions" ("user_id");
CREATE INDEX IF NOT EXISTS "auth_user_user_permissions_permission_id_1fbb5f2c" ON "auth_user_user_permissions" ("permission_id");
CREATE INDEX IF NOT EXISTS "django_admin_log_content_type_id_c4bce8eb" ON "django_admin_log" ("content_type_id");
CREATE INDEX IF NOT EXISTS "django_admin_log_user_id_c564eba6" ON "django_admin_log" ("user_id");
CREATE UNIQUE INDEX "django_content_type_app_label_model_76bd3d3b_uniq" ON "django_content_type" ("app_label", "model");
CREATE UNIQUE INDEX "auth_permission_content_type_id_codename_01ab375a_uniq" ON "auth_permission" ("content_type_id", "codename");
CREATE INDEX IF NOT EXISTS "auth_permission_content_type_id_2f476e4b" ON "auth_permission" ("content_type_id");
CREATE INDEX IF NOT EXISTS "django_session_expire_date_a5c62663" ON "django_session" ("expire_date");
CREATE INDEX IF NOT EXISTS "verification_student_institution_id_2d8f3eb1" ON "verification_student" ("institution_id");
CREATE INDEX IF NOT EXISTS "verification_certificate_student_id_678b577a" ON "verification_certificate" ("student_id");
CREATE INDEX IF NOT EXISTS "verification_transcript_student_id_a0ca084f" ON "verification_transcript" ("student_id");
CREATE TABLE IF NOT EXISTS "auth_group_permissions" ("id" integer NOT NULL PRIMARY KEY AUTOINCREMENT, "group_id" integer NOT NULL REFERENCES "auth_group" ("id") DEFERRABLE INITIALLY DEFERRED, "permission_id" integer NOT NULL REFERENCES "auth_permission" ("id") DEFERRABLE INITIALLY DEFERRED);
CREATE UNIQUE INDEX "auth_group_permissions_group_id_permission_id_0cd325b0_uniq" ON "auth_group_permissions" ("group_id", "permission_id");
CREATE INDEX IF NOT EXISTS "auth_group_permissions_group_id_b120cbf9" ON "auth_group_permissions" ("group_id");
CREATE INDEX IF NOT EXISTS "auth_group_permissions_permission_id_84c5c92e" ON "auth_group_permissions" ("permission_id");
CREATE UNIQUE INDEX "auth_user_groups_user_id_group_id_94350c0c_uniq" ON "auth_user_groups" ("user_id", "group_id");
CREATE INDEX IF NOT EXISTS "auth_user_groups_user_id_6a12ed8b" ON "auth_user_groups" ("user_id");
CREATE INDEX IF NOT EXISTS "auth_user_groups_group_id_97559544" ON "auth_user_groups" ("group_id");
CREATE UNIQUE INDEX "auth_user_user_permissions_user_id_permission_id_14a6b632_uniq" ON "auth_user_user_permissions" ("user_id", "permission_id");
CREATE INDEX IF NOT EXISTS "auth_user_user_permissions_user_id_a95ead1b" ON "auth_user_user_permissions" ("user_id");
CREATE INDEX IF NOT EXISTS "auth_user_user_permissions_permission_id_1fbb5f2c" ON "auth_user_user_permissions" ("permission_id");
CREATE INDEX IF NOT EXISTS "django_admin_log_content_type_id_c4bce8eb" ON "django_admin_log" ("content_type_id");
CREATE INDEX IF NOT EXISTS "django_admin_log_user_id_c564eba6" ON "django_admin_log" ("user_id");
CREATE UNIQUE INDEX "django_content_type_app_label_model_76bd3d3b_uniq" ON "django_content_type" ("app_label", "model");
CREATE UNIQUE INDEX "auth_permission_content_type_id_codename_01ab375a_uniq" ON "auth_permission" ("content_type_id", "codename");
CREATE INDEX IF NOT EXISTS "auth_permission_content_type_id_2f476e4b" ON "auth_permission" ("content_type_id");
CREATE INDEX IF NOT EXISTS "django_session_expire_date_a5c62663" ON "django_session" ("expire_date");
CREATE INDEX IF NOT EXISTS "verification_student_institution_id_2d8f3eb1" ON "verification_student" ("institution_id");
CREATE INDEX IF NOT EXISTS "verification_certificate_student_id_678b577a" ON "verification_certificate" ("student_id");
CREATE INDEX IF NOT EXISTS "verification_transcript_student_id_a0ca084f" ON "verification_transcript" ("student_id");
CREATE TABLE IF NOT EXISTS "auth_permission" ("id" integer NOT NULL PRIMARY KEY AUTOINCREMENT, "content_type_id" integer NOT NULL REFERENCES "django_content_type" ("id") DEFERRABLE INITIALLY DEFERRED, "codename" varchar(100) NOT NULL, "name" varchar(255) NOT NULL);
INSERT INTO "auth_permission" VALUES(1,1,'add_logentry','Can add log entry');
INSERT INTO "auth_permission" VALUES(2,1,'change_logentry','Can change log entry');
INSERT INTO "auth_permission" VALUES(3,1,'delete_logentry','Can delete log entry');
INSERT INTO "auth_permission" VALUES(4,1,'view_logentry','Can view log entry');
INSERT INTO "auth_permission" VALUES(5,2,'add_permission','Can add permission');
INSERT INTO "auth_permission" VALUES(6,2,'change_permission','Can change permission');
INSERT INTO "auth_permission" VALUES(7,2,'delete_permission','Can delete permission');
INSERT INTO "auth_permission" VALUES(8,2,'view_permission','Can view permission');
INSERT INTO "auth_permission" VALUES(9,3,'add_group','Can add group');
INSERT INTO "auth_permission" VALUES(10,3,'change_group','Can change group');
INSERT INTO "auth_permission" VALUES(11,3,'delete_group','Can delete group');
INSERT INTO "auth_permission" VALUES(12,3,'view_group','Can view group');
INSERT INTO "auth_permission" VALUES(13,4,'add_user','Can add user');
INSERT INTO "auth_permission" VALUES(14,4,'change_user','Can change user');
INSERT INTO "auth_permission" VALUES(15,4,'delete_user','Can delete user');
INSERT INTO "auth_permission" VALUES(16,4,'view_user','Can view user');
INSERT INTO "auth_permission" VALUES(17,5,'add_contenttype','Can add content type');
INSERT INTO "auth_permission" VALUES(18,5,'change_contenttype','Can change content type');
INSERT INTO "auth_permission" VALUES(19,5,'delete_contenttype','Can delete content type');
INSERT INTO "auth_permission" VALUES(20,5,'view_contenttype','Can view content type');
INSERT INTO "auth_permission" VALUES(21,6,'add_session','Can add session');
INSERT INTO "auth_permission" VALUES(22,6,'change_session','Can change session');
INSERT INTO "auth_permission" VALUES(23,6,'delete_session','Can delete session');
INSERT INTO "auth_permission" VALUES(24,6,'view_session','Can view session');
INSERT INTO "auth_permission" VALUES(25,7,'add_employer','Can add employer');
INSERT INTO "auth_permission" VALUES(26,7,'change_employer','Can change employer');
INSERT INTO "auth_permission" VALUES(27,7,'delete_employer','Can delete employer');
INSERT INTO "auth_permission" VALUES(28,7,'view_employer','Can view employer');
INSERT INTO "auth_permission" VALUES(29,8,'add_institution','Can add institution');
INSERT INTO "auth_permission" VALUES(30,8,'change_institution','Can change institution');
INSERT INTO "auth_permission" VALUES(31,8,'delete_institution','Can delete institution');
INSERT INTO "auth_permission" VALUES(32,8,'view_institution','Can view institution');
INSERT INTO "auth_permission" VALUES(33,9,'add_student','Can add student');
INSERT INTO "auth_permission" VALUES(34,9,'change_student','Can change student');
INSERT INTO "auth_permission" VALUES(35,9,'delete_student','Can delete student');
INSERT INTO "auth_permission" VALUES(36,9,'view_student','Can view student');
INSERT INTO "auth_permission" VALUES(37,10,'add_certificate','Can add certificate');
INSERT INTO "auth_permission" VALUES(38,10,'change_certificate','Can change certificate');
INSERT INTO "auth_permission" VALUES(39,10,'delete_certificate','Can delete certificate');
INSERT INTO "auth_permission" VALUES(40,10,'view_certificate','Can view certificate');
INSERT INTO "auth_permission" VALUES(41,11,'add_transcript','Can add transcript');
INSERT INTO "auth_permission" VALUES(42,11,'change_transcript','Can change transcript');
INSERT INTO "auth_permission" VALUES(43,11,'delete_transcript','Can delete transcript');
INSERT INTO "auth_permission" VALUES(44,11,'view_transcript','Can view transcript');
INSERT INTO "auth_permission" VALUES(45,12,'add_contactmessage','Can add contact message');
INSERT INTO "auth_permission" VALUES(46,12,'change_contactmessage','Can change contact message');
INSERT INTO "auth_permission" VALUES(47,12,'delete_contactmessage','Can delete contact message');
INSERT INTO "auth_permission" VALUES(48,12,'view_contactmessage','Can view contact message');
INSERT INTO "auth_permission" VALUES(49,13,'add_institutionregistration','Can add institution registration');
INSERT INTO "auth_permission" VALUES(50,13,'change_institutionregistration','Can change institution registration');
INSERT INTO "auth_permission" VALUES(51,13,'delete_institutionregistration','Can delete institution registration');
INSERT INTO "auth_permission" VALUES(52,13,'view_institutionregistration','Can view institution registration');
CREATE UNIQUE INDEX "auth_group_permissions_group_id_permission_id_0cd325b0_uniq" ON "auth_group_permissions" ("group_id", "permission_id");
CREATE INDEX IF NOT EXISTS "auth_group_permissions_group_id_b120cbf9" ON "auth_group_permissions" ("group_id");
CREATE INDEX IF NOT EXISTS "auth_group_permissions_permission_id_84c5c92e" ON "auth_group_permissions" ("permission_id");
CREATE UNIQUE INDEX "auth_user_groups_user_id_group_id_94350c0c_uniq" ON "auth_user_groups" ("user_id", "group_id");
CREATE INDEX IF NOT EXISTS "auth_user_groups_user_id_6a12ed8b" ON "auth_user_groups" ("user_id");
CREATE INDEX IF NOT EXISTS "auth_user_groups_group_id_97559544" ON "auth_user_groups" ("group_id");
CREATE UNIQUE INDEX "auth_user_user_permissions_user_id_permission_id_14a6b632_uniq" ON "auth_user_user_permissions" ("user_id", "permission_id");
CREATE INDEX IF NOT EXISTS "auth_user_user_permissions_user_id_a95ead1b" ON "auth_user_user_permissions" ("user_id");
CREATE INDEX IF NOT EXISTS "auth_user_user_permissions_permission_id_1fbb5f2c" ON "auth_user_user_permissions" ("permission_id");
CREATE INDEX IF NOT EXISTS "django_admin_log_content_type_id_c4bce8eb" ON "django_admin_log" ("content_type_id");
CREATE INDEX IF NOT EXISTS "django_admin_log_user_id_c564eba6" ON "django_admin_log" ("user_id");
CREATE UNIQUE INDEX "django_content_type_app_label_model_76bd3d3b_uniq" ON "django_content_type" ("app_label", "model");
CREATE UNIQUE INDEX "auth_permission_content_type_id_codename_01ab375a_uniq" ON "auth_permission" ("content_type_id", "codename");
CREATE INDEX IF NOT EXISTS "auth_permission_content_type_id_2f476e4b" ON "auth_permission" ("content_type_id");
CREATE INDEX IF NOT EXISTS "django_session_expire_date_a5c62663" ON "django_session" ("expire_date");
CREATE INDEX IF NOT EXISTS "verification_student_institution_id_2d8f3eb1" ON "verification_student" ("institution_id");
CREATE INDEX IF NOT EXISTS "verification_certificate_student_id_678b577a" ON "verification_certificate" ("student_id");
CREATE INDEX IF NOT EXISTS "verification_transcript_student_id_a0ca084f" ON "verification_transcript" ("student_id");
CREATE TABLE IF NOT EXISTS "auth_user" ("id" integer NOT NULL PRIMARY KEY AUTOINCREMENT, "password" varchar(128) NOT NULL, "last_login" datetime NULL, "is_superuser" bool NOT NULL, "username" varchar(150) NOT NULL UNIQUE, "last_name" varchar(150) NOT NULL, "email" varchar(254) NOT NULL, "is_staff" bool NOT NULL, "is_active" bool NOT NULL, "date_joined" datetime NOT NULL, "first_name" varchar(150) NOT NULL);
INSERT INTO "auth_user" VALUES(3,'pbkdf2_sha256$720000$CaqEnP2pZeqEmR6ScBErvA$GnFmwcDSeSVkVmfareFnQ2mhLTS3UJ+aH6+S/bveT6Q=','2024-07-28 06:53:12.208738',1,'france2','','francemayieka@gmail.com',1,1,'2024-07-23 20:47:21.776458','');
INSERT INTO "auth_user" VALUES(6,'pbkdf2_sha256$720000$1fPiTNkHRSe0a3AQjYFW5D$uPpIMIfgHBNCf5sLfg5OgKJcsZHIomS5Hg7p2pztGHE=','2024-07-23 21:14:10',0,'egerton','','egerton@gmail.com',0,1,'2024-07-23 21:14:09','');
INSERT INTO "auth_user" VALUES(7,'pbkdf2_sha256$720000$wlS4x3O0bJDzAjqtEAKpxq$JUumz8lQYhq5UoUSmW9PZzBVguWHj5TvkzmxfMvpyAo=',NULL,1,'france','','mayiekaf@gmail.com',1,1,'2024-07-25 18:26:28','');
INSERT INTO "auth_user" VALUES(9,'pbkdf2_sha256$720000$u7qLSLYgLqm57HtBnHqIcZ$30h1h024x5zd05/pNyuJjK75XMYnTAB8dKbNvNyYE4Y=','2024-07-25 19:18:42',0,'moi','','moi@gmail.com',0,1,'2024-07-25 18:57:32','');
INSERT INTO "auth_user" VALUES(13,'pbkdf2_sha256$720000$k80AA5yVmLWY9Xjg3Q3DXn$sHhtDFbYZiPTjih1fmt8vN+w8hMDS7+Hgo930/PkF9Q=','2024-07-25 19:28:08',0,'kenyattauni','','kenyattauni@gmail.com',0,1,'2024-07-25 19:24:56','');
INSERT INTO "auth_user" VALUES(21,'pbkdf2_sha256$720000$KgdantSxGilYU0j94avFXI$Coz5N31rm+jXmapSpl0Neu5VhLZ8DpBSitfbF4wYMUE=','2024-07-26 22:25:04.932087',0,'pwanioils','','pwani@oils.co.ke',0,1,'2024-07-26 22:25:03.934848','');
CREATE UNIQUE INDEX "auth_group_permissions_group_id_permission_id_0cd325b0_uniq" ON "auth_group_permissions" ("group_id", "permission_id");
CREATE INDEX IF NOT EXISTS "auth_group_permissions_group_id_b120cbf9" ON "auth_group_permissions" ("group_id");
CREATE INDEX IF NOT EXISTS "auth_group_permissions_permission_id_84c5c92e" ON "auth_group_permissions" ("permission_id");
CREATE UNIQUE INDEX "auth_user_groups_user_id_group_id_94350c0c_uniq" ON "auth_user_groups" ("user_id", "group_id");
CREATE INDEX IF NOT EXISTS "auth_user_groups_user_id_6a12ed8b" ON "auth_user_groups" ("user_id");
CREATE INDEX IF NOT EXISTS "auth_user_groups_group_id_97559544" ON "auth_user_groups" ("group_id");
CREATE UNIQUE INDEX "auth_user_user_permissions_user_id_permission_id_14a6b632_uniq" ON "auth_user_user_permissions" ("user_id", "permission_id");
CREATE INDEX IF NOT EXISTS "auth_user_user_permissions_user_id_a95ead1b" ON "auth_user_user_permissions" ("user_id");
CREATE INDEX IF NOT EXISTS "auth_user_user_permissions_permission_id_1fbb5f2c" ON "auth_user_user_permissions" ("permission_id");
CREATE INDEX IF NOT EXISTS "django_admin_log_content_type_id_c4bce8eb" ON "django_admin_log" ("content_type_id");
CREATE INDEX IF NOT EXISTS "django_admin_log_user_id_c564eba6" ON "django_admin_log" ("user_id");
CREATE UNIQUE INDEX "django_content_type_app_label_model_76bd3d3b_uniq" ON "django_content_type" ("app_label", "model");
CREATE UNIQUE INDEX "auth_permission_content_type_id_codename_01ab375a_uniq" ON "auth_permission" ("content_type_id", "codename");
CREATE INDEX IF NOT EXISTS "auth_permission_content_type_id_2f476e4b" ON "auth_permission" ("content_type_id");
CREATE INDEX IF NOT EXISTS "django_session_expire_date_a5c62663" ON "django_session" ("expire_date");
CREATE INDEX IF NOT EXISTS "verification_student_institution_id_2d8f3eb1" ON "verification_student" ("institution_id");
CREATE INDEX IF NOT EXISTS "verification_certificate_student_id_678b577a" ON "verification_certificate" ("student_id");
CREATE INDEX IF NOT EXISTS "verification_transcript_student_id_a0ca084f" ON "verification_transcript" ("student_id");
CREATE TABLE IF NOT EXISTS "auth_user_groups" ("id" integer NOT NULL PRIMARY KEY AUTOINCREMENT, "user_id" integer NOT NULL REFERENCES "auth_user" ("id") DEFERRABLE INITIALLY DEFERRED, "group_id" integer NOT NULL REFERENCES "auth_group" ("id") DEFERRABLE INITIALLY DEFERRED);
CREATE UNIQUE INDEX "auth_group_permissions_group_id_permission_id_0cd325b0_uniq" ON "auth_group_permissions" ("group_id", "permission_id");
CREATE INDEX IF NOT EXISTS "auth_group_permissions_group_id_b120cbf9" ON "auth_group_permissions" ("group_id");
CREATE INDEX IF NOT EXISTS "auth_group_permissions_permission_id_84c5c92e" ON "auth_group_permissions" ("permission_id");
CREATE UNIQUE INDEX "auth_user_groups_user_id_group_id_94350c0c_uniq" ON "auth_user_groups" ("user_id", "group_id");
CREATE INDEX IF NOT EXISTS "auth_user_groups_user_id_6a12ed8b" ON "auth_user_groups" ("user_id");
CREATE INDEX IF NOT EXISTS "auth_user_groups_group_id_97559544" ON "auth_user_groups" ("group_id");
CREATE UNIQUE INDEX "auth_user_user_permissions_user_id_permission_id_14a6b632_uniq" ON "auth_user_user_permissions" ("user_id", "permission_id");
CREATE INDEX IF NOT EXISTS "auth_user_user_permissions_user_id_a95ead1b" ON "auth_user_user_permissions" ("user_id");
CREATE INDEX IF NOT EXISTS "auth_user_user_permissions_permission_id_1fbb5f2c" ON "auth_user_user_permissions" ("permission_id");
CREATE INDEX IF NOT EXISTS "django_admin_log_content_type_id_c4bce8eb" ON "django_admin_log" ("content_type_id");
CREATE INDEX IF NOT EXISTS "django_admin_log_user_id_c564eba6" ON "django_admin_log" ("user_id");
CREATE UNIQUE INDEX "django_content_type_app_label_model_76bd3d3b_uniq" ON "django_content_type" ("app_label", "model");
CREATE UNIQUE INDEX "auth_permission_content_type_id_codename_01ab375a_uniq" ON "auth_permission" ("content_type_id", "codename");
CREATE INDEX IF NOT EXISTS "auth_permission_content_type_id_2f476e4b" ON "auth_permission" ("content_type_id");
CREATE INDEX IF NOT EXISTS "django_session_expire_date_a5c62663" ON "django_session" ("expire_date");
CREATE INDEX IF NOT EXISTS "verification_student_institution_id_2d8f3eb1" ON "verification_student" ("institution_id");
CREATE INDEX IF NOT EXISTS "verification_certificate_student_id_678b577a" ON "verification_certificate" ("student_id");
CREATE INDEX IF NOT EXISTS "verification_transcript_student_id_a0ca084f" ON "verification_transcript" ("student_id");
CREATE TABLE IF NOT EXISTS "auth_user_user_permissions" ("id" integer NOT NULL PRIMARY KEY AUTOINCREMENT, "user_id" integer NOT NULL REFERENCES "auth_user" ("id") DEFERRABLE INITIALLY DEFERRED, "permission_id" integer NOT NULL REFERENCES "auth_permission" ("id") DEFERRABLE INITIALLY DEFERRED);
CREATE UNIQUE INDEX "auth_group_permissions_group_id_permission_id_0cd325b0_uniq" ON "auth_group_permissions" ("group_id", "permission_id");
CREATE INDEX IF NOT EXISTS "auth_group_permissions_group_id_b120cbf9" ON "auth_group_permissions" ("group_id");
CREATE INDEX IF NOT EXISTS "auth_group_permissions_permission_id_84c5c92e" ON "auth_group_permissions" ("permission_id");
CREATE UNIQUE INDEX "auth_user_groups_user_id_group_id_94350c0c_uniq" ON "auth_user_groups" ("user_id", "group_id");
CREATE INDEX IF NOT EXISTS "auth_user_groups_user_id_6a12ed8b" ON "auth_user_groups" ("user_id");
CREATE INDEX IF NOT EXISTS "auth_user_groups_group_id_97559544" ON "auth_user_groups" ("group_id");
CREATE UNIQUE INDEX "auth_user_user_permissions_user_id_permission_id_14a6b632_uniq" ON "auth_user_user_permissions" ("user_id", "permission_id");
CREATE INDEX IF NOT EXISTS "auth_user_user_permissions_user_id_a95ead1b" ON "auth_user_user_permissions" ("user_id");
CREATE INDEX IF NOT EXISTS "auth_user_user_permissions_permission_id_1fbb5f2c" ON "auth_user_user_permissions" ("permission_id");
CREATE INDEX IF NOT EXISTS "django_admin_log_content_type_id_c4bce8eb" ON "django_admin_log" ("content_type_id");
CREATE INDEX IF NOT EXISTS "django_admin_log_user_id_c564eba6" ON "django_admin_log" ("user_id");
CREATE UNIQUE INDEX "django_content_type_app_label_model_76bd3d3b_uniq" ON "django_content_type" ("app_label", "model");
CREATE UNIQUE INDEX "auth_permission_content_type_id_codename_01ab375a_uniq" ON "auth_permission" ("content_type_id", "codename");
CREATE INDEX IF NOT EXISTS "auth_permission_content_type_id_2f476e4b" ON "auth_permission" ("content_type_id");
CREATE INDEX IF NOT EXISTS "django_session_expire_date_a5c62663" ON "django_session" ("expire_date");
CREATE INDEX IF NOT EXISTS "verification_student_institution_id_2d8f3eb1" ON "verification_student" ("institution_id");
CREATE INDEX IF NOT EXISTS "verification_certificate_student_id_678b577a" ON "verification_certificate" ("student_id");
CREATE INDEX IF NOT EXISTS "verification_transcript_student_id_a0ca084f" ON "verification_transcript" ("student_id");
CREATE TABLE IF NOT EXISTS "django_admin_log" ("id" integer NOT NULL PRIMARY KEY AUTOINCREMENT, "object_id" text NULL, "object_repr" varchar(200) NOT NULL, "action_flag" smallint unsigned NOT NULL CHECK ("action_flag" >= 0), "change_message" text NOT NULL, "content_type_id" integer NULL REFERENCES "django_content_type" ("id") DEFERRABLE INITIALLY DEFERRED, "user_id" integer NOT NULL REFERENCES "auth_user" ("id") DEFERRABLE INITIALLY DEFERRED, "action_time" datetime NOT NULL);
INSERT INTO "django_admin_log" VALUES(1,'1','John Doe',1,'[{"added": {}}]',9,3,'2024-07-25 18:45:12.952551');
INSERT INTO "django_admin_log" VALUES(2,'1','John Doe - 54',1,'[{"added": {}}]',10,3,'2024-07-25 18:46:07.398730');
INSERT INTO "django_admin_log" VALUES(3,'1','John Doe - Transcript',1,'[{"added": {}}]',11,3,'2024-07-25 18:46:39.578409');
INSERT INTO "django_admin_log" VALUES(4,'4','F9 University',1,'[{"added": {}}]',8,3,'2024-07-25 19:26:22.268698');
INSERT INTO "django_admin_log" VALUES(5,'2','Jane Doe',1,'[{"added": {}}]',9,3,'2024-07-25 19:26:53.712527');
INSERT INTO "django_admin_log" VALUES(6,'2','Jane Doe - Transcript',1,'[{"added": {}}]',11,3,'2024-07-25 19:27:14.916952');
INSERT INTO "django_admin_log" VALUES(7,'2','Jane Doe - 70',1,'[{"added": {}}]',10,3,'2024-07-25 19:27:55.760141');
INSERT INTO "django_admin_log" VALUES(8,'5','Nairobi University',1,'[{"added": {}}]',8,3,'2024-07-25 22:43:50.561770');
INSERT INTO "django_admin_log" VALUES(9,'3','Liz Truss',1,'[{"added": {}}]',9,3,'2024-07-25 22:43:58.487091');
INSERT INTO "django_admin_log" VALUES(10,'3','Liz Truss - 80',1,'[{"added": {}}]',10,3,'2024-07-25 22:44:29.184436');
INSERT INTO "django_admin_log" VALUES(11,'3','Liz Truss - Transcript',1,'[{"added": {}}]',11,3,'2024-07-25 22:45:02.701048');
INSERT INTO "django_admin_log" VALUES(12,'1','Registration Request from Kirinyaga University on 2024-07-26 07:24:59.012563+00:00',2,'[]',13,3,'2024-07-26 07:25:31.505059');
INSERT INTO "django_admin_log" VALUES(13,'3','Liz Truss',2,'[{"changed": {"fields": ["Image"]}}]',9,3,'2024-07-26 17:36:55.814214');
INSERT INTO "django_admin_log" VALUES(14,'3','Liz Truss',2,'[{"changed": {"fields": ["Image"]}}]',9,3,'2024-07-26 17:42:04.971525');
INSERT INTO "django_admin_log" VALUES(15,'3','Liz Truss',2,'[{"changed": {"fields": ["Image"]}}]',9,3,'2024-07-26 17:42:42.550781');
INSERT INTO "django_admin_log" VALUES(16,'3','Liz Truss',2,'[{"changed": {"fields": ["Student id"]}}]',9,3,'2024-07-26 21:56:37.758907');
INSERT INTO "django_admin_log" VALUES(17,'4','Kenyatta University',2,'[{"changed": {"fields": ["Name", "Phone number", "Email"]}}]',8,3,'2024-07-26 21:57:31.259986');
INSERT INTO "django_admin_log" VALUES(18,'2','Jane Doe',2,'[{"changed": {"fields": ["Student id"]}}]',9,3,'2024-07-26 21:58:06.318566');
INSERT INTO "django_admin_log" VALUES(19,'2','Jane Doe',2,'[{"changed": {"fields": ["Student id"]}}]',9,3,'2024-07-26 21:58:22.247382');
INSERT INTO "django_admin_log" VALUES(20,'3','Egerton University',2,'[{"changed": {"fields": ["Name", "Address", "Phone number", "Email"]}}]',8,3,'2024-07-26 21:59:47.246568');
INSERT INTO "django_admin_log" VALUES(21,'1','John Kennedy',2,'[{"changed": {"fields": ["Name", "Student id"]}}]',9,3,'2024-07-26 21:59:52.867048');
INSERT INTO "django_admin_log" VALUES(22,'2','Jane Chepkirui',2,'[{"changed": {"fields": ["Name"]}}]',9,3,'2024-07-26 22:00:50.827128');
INSERT INTO "django_admin_log" VALUES(23,'6','Baraton University',1,'[{"added": {}}]',8,3,'2024-07-26 22:04:07.900106');
INSERT INTO "django_admin_log" VALUES(24,'4','Deborah Chazima',1,'[{"added": {}}]',9,3,'2024-07-26 22:04:12.401095');
INSERT INTO "django_admin_log" VALUES(25,'7','Moi University',1,'[{"added": {}}]',8,3,'2024-07-26 22:05:53.351899');
INSERT INTO "django_admin_log" VALUES(26,'5','Barrack Ndegwa',1,'[{"added": {}}]',9,3,'2024-07-26 22:05:55.904110');
INSERT INTO "django_admin_log" VALUES(27,'3','Liz Truss - 0105',2,'[{"changed": {"fields": ["Certificate no", "Certificate file"]}}]',10,3,'2024-07-26 22:07:11.903642');
INSERT INTO "django_admin_log" VALUES(28,'2','Jane Chepkirui - 0205',2,'[{"changed": {"fields": ["Certificate no", "Certificate file"]}}]',10,3,'2024-07-26 22:08:02.494953');
INSERT INTO "django_admin_log" VALUES(29,'1','John Kennedy - 0305',2,'[{"changed": {"fields": ["Certificate no", "Certificate file"]}}]',10,3,'2024-07-26 22:08:22.560039');
INSERT INTO "django_admin_log" VALUES(30,'4','Deborah Chazima - 0405',1,'[{"added": {}}]',10,3,'2024-07-26 22:08:55.448710');
INSERT INTO "django_admin_log" VALUES(31,'5','John Kennedy - 0505',1,'[{"added": {}}]',10,3,'2024-07-26 22:09:30.928783');
INSERT INTO "django_admin_log" VALUES(32,'3','Kenya Railways',2,'[{"changed": {"fields": ["Company name", "Address", "Email"]}}]',7,3,'2024-07-26 22:10:27.176366');
INSERT INTO "django_admin_log" VALUES(33,'2','h3',3,'',7,3,'2024-07-26 22:11:02.170461');
INSERT INTO "django_admin_log" VALUES(34,'1','h',3,'',7,3,'2024-07-26 22:11:46.862088');
INSERT INTO "django_admin_log" VALUES(35,'2','f2',3,'',8,3,'2024-07-26 22:12:12.036103');
INSERT INTO "django_admin_log" VALUES(36,'1','h',3,'',8,3,'2024-07-26 22:12:12.041094');
INSERT INTO "django_admin_log" VALUES(37,'3','Liz Truss - Transcript',2,'[{"changed": {"fields": ["Transcript file"]}}]',11,3,'2024-07-26 22:12:44.788874');
INSERT INTO "django_admin_log" VALUES(38,'2','Jane Chepkirui - Transcript',2,'[{"changed": {"fields": ["Transcript file"]}}]',11,3,'2024-07-26 22:13:00.656231');
INSERT INTO "django_admin_log" VALUES(39,'1','John Kennedy - Transcript',2,'[{"changed": {"fields": ["Transcript file"]}}]',11,3,'2024-07-26 22:13:13.132238');
INSERT INTO "django_admin_log" VALUES(40,'4','Deborah Chazima - Transcript',1,'[{"added": {}}]',11,3,'2024-07-26 22:13:34.088972');
INSERT INTO "django_admin_log" VALUES(41,'5','Barrack Ndegwa - Transcript',1,'[{"added": {}}]',11,3,'2024-07-26 22:13:49.665412');
INSERT INTO "django_admin_log" VALUES(42,'2','Jane Chepkirui',2,'[{"changed": {"fields": ["Student id"]}}]',9,3,'2024-07-26 22:14:21.450891');
INSERT INTO "django_admin_log" VALUES(43,'4','Deborah Chazima',2,'[{"changed": {"fields": ["Student id"]}}]',9,3,'2024-07-26 22:14:47.516066');
INSERT INTO "django_admin_log" VALUES(44,'1','John Kennedy',2,'[{"changed": {"fields": ["Student id"]}}]',9,3,'2024-07-26 22:15:07.218897');
INSERT INTO "django_admin_log" VALUES(45,'1','John Kennedy',2,'[{"changed": {"fields": ["Student id"]}}]',9,3,'2024-07-26 22:15:35.816038');
INSERT INTO "django_admin_log" VALUES(46,'1','John Kennedy',2,'[{"changed": {"fields": ["Student id"]}}]',9,3,'2024-07-26 22:16:03.908737');
INSERT INTO "django_admin_log" VALUES(47,'1','John Kennedy - 0305',2,'[{"changed": {"fields": ["Course name"]}}]',10,3,'2024-07-26 22:16:14.279064');
INSERT INTO "django_admin_log" VALUES(48,'4','Deborah Chazima - 0405',2,'[{"changed": {"fields": ["Course name"]}}]',10,3,'2024-07-26 22:16:23.648927');
INSERT INTO "django_admin_log" VALUES(49,'5','Barrack Ndegwa - 0505',2,'[{"changed": {"fields": ["Student"]}}]',10,3,'2024-07-26 22:17:08.384969');
INSERT INTO "django_admin_log" VALUES(50,'5','Barrack Ndegwa',2,'[{"changed": {"fields": ["Image"]}}]',9,3,'2024-07-26 22:21:05.384748');
INSERT INTO "django_admin_log" VALUES(51,'1','John Kennedy',2,'[{"changed": {"fields": ["Image"]}}]',9,3,'2024-07-26 22:21:20.943375');
INSERT INTO "django_admin_log" VALUES(52,'2','Jane Chepkirui',2,'[{"changed": {"fields": ["Image"]}}]',9,3,'2024-07-26 22:21:33.723802');
INSERT INTO "django_admin_log" VALUES(53,'4','Deborah Chazima',2,'[{"changed": {"fields": ["Image"]}}]',9,3,'2024-07-26 22:21:47.332765');
INSERT INTO "django_admin_log" VALUES(54,'4','Deborah Chazima',2,'[{"changed": {"fields": ["Image"]}}]',9,3,'2024-07-26 22:22:24.414992');
INSERT INTO "django_admin_log" VALUES(55,'5','Nairobi University',2,'[{"changed": {"fields": ["Phone number", "Email"]}}]',8,3,'2024-07-26 22:23:19.875981');
INSERT INTO "django_admin_log" VALUES(56,'4','Deborah Chazima - 0405',2,'[{"changed": {"fields": ["Certificate file"]}}]',10,3,'2024-07-26 22:28:27.648108');
INSERT INTO "django_admin_log" VALUES(57,'5','Barrack Ndegwa - 0505',2,'[{"changed": {"fields": ["Certificate file"]}}]',10,3,'2024-07-26 22:55:22.020671');
INSERT INTO "django_admin_log" VALUES(58,'5','Barrack Ndegwa - Transcript',2,'[{"changed": {"fields": ["Transcript file"]}}]',11,3,'2024-07-26 22:55:41.621027');
INSERT INTO "django_admin_log" VALUES(59,'4','Deborah Chazima - 0405',2,'[{"changed": {"fields": ["Certificate file"]}}]',10,3,'2024-07-26 23:03:15.248080');
INSERT INTO "django_admin_log" VALUES(60,'3','Liz Truss - 0105',2,'[{"changed": {"fields": ["Certificate file"]}}]',10,3,'2024-07-26 23:03:37.865563');
INSERT INTO "django_admin_log" VALUES(61,'2','Jane Chepkirui - 0205',2,'[{"changed": {"fields": ["Certificate file"]}}]',10,3,'2024-07-26 23:03:57.646299');
INSERT INTO "django_admin_log" VALUES(62,'1','John Kennedy - 0305',2,'[{"changed": {"fields": ["Certificate file"]}}]',10,3,'2024-07-26 23:04:13.352912');
INSERT INTO "django_admin_log" VALUES(63,'4','Deborah Chazima - Transcript',2,'[{"changed": {"fields": ["Transcript file"]}}]',11,3,'2024-07-26 23:05:43.712162');
INSERT INTO "django_admin_log" VALUES(64,'3','Liz Truss - Transcript',2,'[{"changed": {"fields": ["Transcript file"]}}]',11,3,'2024-07-26 23:06:04.524079');
INSERT INTO "django_admin_log" VALUES(65,'2','Jane Chepkirui - Transcript',2,'[{"changed": {"fields": ["Transcript file"]}}]',11,3,'2024-07-26 23:06:18.984284');
INSERT INTO "django_admin_log" VALUES(66,'1','John Kennedy - Transcript',2,'[{"changed": {"fields": ["Transcript file"]}}]',11,3,'2024-07-26 23:06:39.792926');
INSERT INTO "django_admin_log" VALUES(67,'14','DivineSoftwares',3,'',4,3,'2024-07-27 12:10:54.022701');
INSERT INTO "django_admin_log" VALUES(68,'17','Dmax',3,'',4,3,'2024-07-27 12:11:22.998385');
INSERT INTO "django_admin_log" VALUES(69,'20','EA',3,'',4,3,'2024-07-27 12:11:23.002944');
INSERT INTO "django_admin_log" VALUES(70,'18','Egerton',3,'',4,3,'2024-07-27 12:13:25.437222');
INSERT INTO "django_admin_log" VALUES(71,'16','Isuzu',3,'',4,3,'2024-07-27 12:13:25.441953');
INSERT INTO "django_admin_log" VALUES(72,'15','Pixel',3,'',4,3,'2024-07-27 12:13:25.444491');
INSERT INTO "django_admin_log" VALUES(73,'4','f2',3,'',4,3,'2024-07-27 12:13:25.446864');
INSERT INTO "django_admin_log" VALUES(74,'8','f4',3,'',4,3,'2024-07-27 12:13:25.449743');
INSERT INTO "django_admin_log" VALUES(75,'2','franceg',3,'',4,3,'2024-07-27 12:14:01.449266');
INSERT INTO "django_admin_log" VALUES(76,'5','h3',3,'',4,3,'2024-07-27 12:14:01.453998');
INSERT INTO "django_admin_log" VALUES(77,'19','n1',3,'',4,3,'2024-07-27 12:14:01.456882');
INSERT INTO "django_admin_log" VALUES(78,'10','france6',3,'',4,3,'2024-07-27 12:15:19.278589');
INSERT INTO "django_admin_log" VALUES(79,'11','france7',3,'',4,3,'2024-07-27 12:15:19.286442');
INSERT INTO "django_admin_log" VALUES(80,'12','france8',3,'',4,3,'2024-07-27 12:15:19.290396');
INSERT INTO "django_admin_log" VALUES(81,'1','france',3,'',4,3,'2024-07-27 12:15:35.321946');
INSERT INTO "django_admin_log" VALUES(82,'6','MU',2,'[{"changed": {"fields": ["Username", "Email address"]}}]',4,3,'2024-07-27 12:17:35.904985');
INSERT INTO "django_admin_log" VALUES(83,'6','EU',2,'[{"changed": {"fields": ["Username"]}}]',4,3,'2024-07-27 12:18:28.468460');
INSERT INTO "django_admin_log" VALUES(84,'6','eu',2,'[{"changed": {"fields": ["Username", "Email address"]}}]',4,3,'2024-07-27 12:18:46.326950');
INSERT INTO "django_admin_log" VALUES(85,'6','egerton',2,'[{"changed": {"fields": ["Username"]}}]',4,3,'2024-07-27 12:19:07.564067');
INSERT INTO "django_admin_log" VALUES(86,'9','moi',2,'[{"changed": {"fields": ["Username", "Email address"]}}]',4,3,'2024-07-27 12:19:21.685642');
INSERT INTO "django_admin_log" VALUES(87,'6','egerton',2,'[{"changed": {"fields": ["Email address"]}}]',4,3,'2024-07-27 12:19:38.046922');
INSERT INTO "django_admin_log" VALUES(88,'13','kenyattauni',2,'[{"changed": {"fields": ["Username", "Email address"]}}]',4,3,'2024-07-27 12:20:31.437149');
INSERT INTO "django_admin_log" VALUES(89,'7','france',2,'[{"changed": {"fields": ["Username"]}}]',4,3,'2024-07-27 12:21:08.851760');
CREATE UNIQUE INDEX "auth_group_permissions_group_id_permission_id_0cd325b0_uniq" ON "auth_group_permissions" ("group_id", "permission_id");
CREATE INDEX IF NOT EXISTS "auth_group_permissions_group_id_b120cbf9" ON "auth_group_permissions" ("group_id");
CREATE INDEX IF NOT EXISTS "auth_group_permissions_permission_id_84c5c92e" ON "auth_group_permissions" ("permission_id");
CREATE UNIQUE INDEX "auth_user_groups_user_id_group_id_94350c0c_uniq" ON "auth_user_groups" ("user_id", "group_id");
CREATE INDEX IF NOT EXISTS "auth_user_groups_user_id_6a12ed8b" ON "auth_user_groups" ("user_id");
CREATE INDEX IF NOT EXISTS "auth_user_groups_group_id_97559544" ON "auth_user_groups" ("group_id");
CREATE UNIQUE INDEX "auth_user_user_permissions_user_id_permission_id_14a6b632_uniq" ON "auth_user_user_permissions" ("user_id", "permission_id");
CREATE INDEX IF NOT EXISTS "auth_user_user_permissions_user_id_a95ead1b" ON "auth_user_user_permissions" ("user_id");
CREATE INDEX IF NOT EXISTS "auth_user_user_permissions_permission_id_1fbb5f2c" ON "auth_user_user_permissions" ("permission_id");
CREATE INDEX IF NOT EXISTS "django_admin_log_content_type_id_c4bce8eb" ON "django_admin_log" ("content_type_id");
CREATE INDEX IF NOT EXISTS "django_admin_log_user_id_c564eba6" ON "django_admin_log" ("user_id");
CREATE UNIQUE INDEX "django_content_type_app_label_model_76bd3d3b_uniq" ON "django_content_type" ("app_label", "model");
CREATE UNIQUE INDEX "auth_permission_content_type_id_codename_01ab375a_uniq" ON "auth_permission" ("content_type_id", "codename");
CREATE INDEX IF NOT EXISTS "auth_permission_content_type_id_2f476e4b" ON "auth_permission" ("content_type_id");
CREATE INDEX IF NOT EXISTS "django_session_expire_date_a5c62663" ON "django_session" ("expire_date");
CREATE INDEX IF NOT EXISTS "verification_student_institution_id_2d8f3eb1" ON "verification_student" ("institution_id");
CREATE INDEX IF NOT EXISTS "verification_certificate_student_id_678b577a" ON "verification_certificate" ("student_id");
CREATE INDEX IF NOT EXISTS "verification_transcript_student_id_a0ca084f" ON "verification_transcript" ("student_id");
CREATE TABLE IF NOT EXISTS "django_content_type" ("id" integer NOT NULL PRIMARY KEY AUTOINCREMENT, "app_label" varchar(100) NOT NULL, "model" varchar(100) NOT NULL);
INSERT INTO "django_content_type" VALUES(1,'admin','logentry');
INSERT INTO "django_content_type" VALUES(2,'auth','permission');
INSERT INTO "django_content_type" VALUES(3,'auth','group');
INSERT INTO "django_content_type" VALUES(4,'auth','user');
INSERT INTO "django_content_type" VALUES(5,'contenttypes','contenttype');
INSERT INTO "django_content_type" VALUES(6,'sessions','session');
INSERT INTO "django_content_type" VALUES(7,'verification','employer');
INSERT INTO "django_content_type" VALUES(8,'verification','institution');
INSERT INTO "django_content_type" VALUES(9,'verification','student');
INSERT INTO "django_content_type" VALUES(10,'verification','certificate');
INSERT INTO "django_content_type" VALUES(11,'verification','transcript');
INSERT INTO "django_content_type" VALUES(12,'verification','contactmessage');
INSERT INTO "django_content_type" VALUES(13,'verification','institutionregistration');
CREATE UNIQUE INDEX "auth_group_permissions_group_id_permission_id_0cd325b0_uniq" ON "auth_group_permissions" ("group_id", "permission_id");
CREATE INDEX IF NOT EXISTS "auth_group_permissions_group_id_b120cbf9" ON "auth_group_permissions" ("group_id");
CREATE INDEX IF NOT EXISTS "auth_group_permissions_permission_id_84c5c92e" ON "auth_group_permissions" ("permission_id");
CREATE UNIQUE INDEX "auth_user_groups_user_id_group_id_94350c0c_uniq" ON "auth_user_groups" ("user_id", "group_id");
CREATE INDEX IF NOT EXISTS "auth_user_groups_user_id_6a12ed8b" ON "auth_user_groups" ("user_id");
CREATE INDEX IF NOT EXISTS "auth_user_groups_group_id_97559544" ON "auth_user_groups" ("group_id");
CREATE UNIQUE INDEX "auth_user_user_permissions_user_id_permission_id_14a6b632_uniq" ON "auth_user_user_permissions" ("user_id", "permission_id");
CREATE INDEX IF NOT EXISTS "auth_user_user_permissions_user_id_a95ead1b" ON "auth_user_user_permissions" ("user_id");
CREATE INDEX IF NOT EXISTS "auth_user_user_permissions_permission_id_1fbb5f2c" ON "auth_user_user_permissions" ("permission_id");
CREATE INDEX IF NOT EXISTS "django_admin_log_content_type_id_c4bce8eb" ON "django_admin_log" ("content_type_id");
CREATE INDEX IF NOT EXISTS "django_admin_log_user_id_c564eba6" ON "django_admin_log" ("user_id");
CREATE UNIQUE INDEX "django_content_type_app_label_model_76bd3d3b_uniq" ON "django_content_type" ("app_label", "model");
CREATE UNIQUE INDEX "auth_permission_content_type_id_codename_01ab375a_uniq" ON "auth_permission" ("content_type_id", "codename");
CREATE INDEX IF NOT EXISTS "auth_permission_content_type_id_2f476e4b" ON "auth_permission" ("content_type_id");
CREATE INDEX IF NOT EXISTS "django_session_expire_date_a5c62663" ON "django_session" ("expire_date");
CREATE INDEX IF NOT EXISTS "verification_student_institution_id_2d8f3eb1" ON "verification_student" ("institution_id");
CREATE INDEX IF NOT EXISTS "verification_certificate_student_id_678b577a" ON "verification_certificate" ("student_id");
CREATE INDEX IF NOT EXISTS "verification_transcript_student_id_a0ca084f" ON "verification_transcript" ("student_id");
CREATE TABLE IF NOT EXISTS "django_migrations" ("id" integer NOT NULL PRIMARY KEY AUTOINCREMENT, "app" varchar(255) NOT NULL, "name" varchar(255) NOT NULL, "applied" datetime NOT NULL);
INSERT INTO "django_migrations" VALUES(1,'contenttypes','0001_initial','2024-07-23 20:26:24.881511');
INSERT INTO "django_migrations" VALUES(2,'auth','0001_initial','2024-07-23 20:26:24.921427');
INSERT INTO "django_migrations" VALUES(3,'admin','0001_initial','2024-07-23 20:26:24.942693');
INSERT INTO "django_migrations" VALUES(4,'admin','0002_logentry_remove_auto_add','2024-07-23 20:26:24.967406');
INSERT INTO "django_migrations" VALUES(5,'admin','0003_logentry_add_action_flag_choices','2024-07-23 20:26:24.980950');
INSERT INTO "django_migrations" VALUES(6,'contenttypes','0002_remove_content_type_name','2024-07-23 20:26:25.018548');
INSERT INTO "django_migrations" VALUES(7,'auth','0002_alter_permission_name_max_length','2024-07-23 20:26:25.045543');
INSERT INTO "django_migrations" VALUES(8,'auth','0003_alter_user_email_max_length','2024-07-23 20:26:25.068995');
INSERT INTO "django_migrations" VALUES(9,'auth','0004_alter_user_username_opts','2024-07-23 20:26:25.085413');
INSERT INTO "django_migrations" VALUES(10,'auth','0005_alter_user_last_login_null','2024-07-23 20:26:25.105849');
INSERT INTO "django_migrations" VALUES(11,'auth','0006_require_contenttypes_0002','2024-07-23 20:26:25.114490');
INSERT INTO "django_migrations" VALUES(12,'auth','0007_alter_validators_add_error_messages','2024-07-23 20:26:25.127446');
INSERT INTO "django_migrations" VALUES(13,'auth','0008_alter_user_username_max_length','2024-07-23 20:26:25.151677');
INSERT INTO "django_migrations" VALUES(14,'auth','0009_alter_user_last_name_max_length','2024-07-23 20:26:25.172226');
INSERT INTO "django_migrations" VALUES(15,'auth','0010_alter_group_name_max_length','2024-07-23 20:26:25.202216');
INSERT INTO "django_migrations" VALUES(16,'auth','0011_update_proxy_permissions','2024-07-23 20:26:25.218246');
INSERT INTO "django_migrations" VALUES(17,'auth','0012_alter_user_first_name_max_length','2024-07-23 20:26:25.239549');
INSERT INTO "django_migrations" VALUES(18,'sessions','0001_initial','2024-07-23 20:26:25.248786');
INSERT INTO "django_migrations" VALUES(19,'verification','0001_initial','2024-07-23 20:26:25.336735');
INSERT INTO "django_migrations" VALUES(20,'verification','0002_contactmessage_institutionregistration','2024-07-25 22:21:44.745040');
INSERT INTO "django_migrations" VALUES(21,'verification','0003_institution_email_institution_phone_number_and_more','2024-07-26 07:22:33.042838');
INSERT INTO "django_migrations" VALUES(22,'verification','0004_employer_email_employer_phone_number_and_more','2024-07-26 07:40:05.586481');
INSERT INTO "django_migrations" VALUES(23,'verification','0005_student_image','2024-07-26 17:00:02.764652');
CREATE UNIQUE INDEX "auth_group_permissions_group_id_permission_id_0cd325b0_uniq" ON "auth_group_permissions" ("group_id", "permission_id");
CREATE INDEX IF NOT EXISTS "auth_group_permissions_group_id_b120cbf9" ON "auth_group_permissions" ("group_id");
CREATE INDEX IF NOT EXISTS "auth_group_permissions_permission_id_84c5c92e" ON "auth_group_permissions" ("permission_id");
CREATE UNIQUE INDEX "auth_user_groups_user_id_group_id_94350c0c_uniq" ON "auth_user_groups" ("user_id", "group_id");
CREATE INDEX IF NOT EXISTS "auth_user_groups_user_id_6a12ed8b" ON "auth_user_groups" ("user_id");
CREATE INDEX IF NOT EXISTS "auth_user_groups_group_id_97559544" ON "auth_user_groups" ("group_id");
CREATE UNIQUE INDEX "auth_user_user_permissions_user_id_permission_id_14a6b632_uniq" ON "auth_user_user_permissions" ("user_id", "permission_id");
CREATE INDEX IF NOT EXISTS "auth_user_user_permissions_user_id_a95ead1b" ON "auth_user_user_permissions" ("user_id");
CREATE INDEX IF NOT EXISTS "auth_user_user_permissions_permission_id_1fbb5f2c" ON "auth_user_user_permissions" ("permission_id");
CREATE INDEX IF NOT EXISTS "django_admin_log_content_type_id_c4bce8eb" ON "django_admin_log" ("content_type_id");
CREATE INDEX IF NOT EXISTS "django_admin_log_user_id_c564eba6" ON "django_admin_log" ("user_id");
CREATE UNIQUE INDEX "django_content_type_app_label_model_76bd3d3b_uniq" ON "django_content_type" ("app_label", "model");
CREATE UNIQUE INDEX "auth_permission_content_type_id_codename_01ab375a_uniq" ON "auth_permission" ("content_type_id", "codename");
CREATE INDEX IF NOT EXISTS "auth_permission_content_type_id_2f476e4b" ON "auth_permission" ("content_type_id");
CREATE INDEX IF NOT EXISTS "django_session_expire_date_a5c62663" ON "django_session" ("expire_date");
CREATE INDEX IF NOT EXISTS "verification_student_institution_id_2d8f3eb1" ON "verification_student" ("institution_id");
CREATE INDEX IF NOT EXISTS "verification_certificate_student_id_678b577a" ON "verification_certificate" ("student_id");
CREATE INDEX IF NOT EXISTS "verification_transcript_student_id_a0ca084f" ON "verification_transcript" ("student_id");
CREATE TABLE IF NOT EXISTS "django_session" ("session_key" varchar(40) NOT NULL PRIMARY KEY, "session_data" text NOT NULL, "expire_date" datetime NOT NULL);
CREATE UNIQUE INDEX "auth_group_permissions_group_id_permission_id_0cd325b0_uniq" ON "auth_group_permissions" ("group_id", "permission_id");
CREATE INDEX IF NOT EXISTS "auth_group_permissions_group_id_b120cbf9" ON "auth_group_permissions" ("group_id");
CREATE INDEX IF NOT EXISTS "auth_group_permissions_permission_id_84c5c92e" ON "auth_group_permissions" ("permission_id");
CREATE UNIQUE INDEX "auth_user_groups_user_id_group_id_94350c0c_uniq" ON "auth_user_groups" ("user_id", "group_id");
CREATE INDEX IF NOT EXISTS "auth_user_groups_user_id_6a12ed8b" ON "auth_user_groups" ("user_id");
CREATE INDEX IF NOT EXISTS "auth_user_groups_group_id_97559544" ON "auth_user_groups" ("group_id");
CREATE UNIQUE INDEX "auth_user_user_permissions_user_id_permission_id_14a6b632_uniq" ON "auth_user_user_permissions" ("user_id", "permission_id");
CREATE INDEX IF NOT EXISTS "auth_user_user_permissions_user_id_a95ead1b" ON "auth_user_user_permissions" ("user_id");
CREATE INDEX IF NOT EXISTS "auth_user_user_permissions_permission_id_1fbb5f2c" ON "auth_user_user_permissions" ("permission_id");
CREATE INDEX IF NOT EXISTS "django_admin_log_content_type_id_c4bce8eb" ON "django_admin_log" ("content_type_id");
CREATE INDEX IF NOT EXISTS "django_admin_log_user_id_c564eba6" ON "django_admin_log" ("user_id");
CREATE UNIQUE INDEX "django_content_type_app_label_model_76bd3d3b_uniq" ON "django_content_type" ("app_label", "model");
CREATE UNIQUE INDEX "auth_permission_content_type_id_codename_01ab375a_uniq" ON "auth_permission" ("content_type_id", "codename");
CREATE INDEX IF NOT EXISTS "auth_permission_content_type_id_2f476e4b" ON "auth_permission" ("content_type_id");
CREATE INDEX IF NOT EXISTS "django_session_expire_date_a5c62663" ON "django_session" ("expire_date");
CREATE INDEX IF NOT EXISTS "verification_student_institution_id_2d8f3eb1" ON "verification_student" ("institution_id");
CREATE INDEX IF NOT EXISTS "verification_certificate_student_id_678b577a" ON "verification_certificate" ("student_id");
CREATE INDEX IF NOT EXISTS "verification_transcript_student_id_a0ca084f" ON "verification_transcript" ("student_id");
CREATE TABLE IF NOT EXISTS "verification_certificate" ("id" integer NOT NULL PRIMARY KEY AUTOINCREMENT, "certificate_no" varchar(50) NOT NULL UNIQUE, "course_name" varchar(255) NOT NULL, "issue_date" date NOT NULL, "certificate_file" varchar(100) NOT NULL, "student_id" bigint NOT NULL REFERENCES "verification_student" ("id") DEFERRABLE INITIALLY DEFERRED);
INSERT INTO "verification_certificate" VALUES(1,'0305','CSM','2024-07-25','certificates/Kennedy_Certificate.pdf',1);
INSERT INTO "verification_certificate" VALUES(2,'0205','LAW','2024-07-25','certificates/Jane_Certificate.pdf',2);
INSERT INTO "verification_certificate" VALUES(3,'0105','MBA','2024-07-25','certificates/Liz_Certificate.pdf',3);
INSERT INTO "verification_certificate" VALUES(4,'0405','PHAM','2024-07-26','certificates/Deborah_Certificate.pdf',4);
INSERT INTO "verification_certificate" VALUES(5,'0505','MED','2024-07-26','certificates/Barrack_Certificate.pdf',5);
CREATE UNIQUE INDEX "auth_group_permissions_group_id_permission_id_0cd325b0_uniq" ON "auth_group_permissions" ("group_id", "permission_id");
CREATE INDEX IF NOT EXISTS "auth_group_permissions_group_id_b120cbf9" ON "auth_group_permissions" ("group_id");
CREATE INDEX IF NOT EXISTS "auth_group_permissions_permission_id_84c5c92e" ON "auth_group_permissions" ("permission_id");
CREATE UNIQUE INDEX "auth_user_groups_user_id_group_id_94350c0c_uniq" ON "auth_user_groups" ("user_id", "group_id");
CREATE INDEX IF NOT EXISTS "auth_user_groups_user_id_6a12ed8b" ON "auth_user_groups" ("user_id");
CREATE INDEX IF NOT EXISTS "auth_user_groups_group_id_97559544" ON "auth_user_groups" ("group_id");
CREATE UNIQUE INDEX "auth_user_user_permissions_user_id_permission_id_14a6b632_uniq" ON "auth_user_user_permissions" ("user_id", "permission_id");
CREATE INDEX IF NOT EXISTS "auth_user_user_permissions_user_id_a95ead1b" ON "auth_user_user_permissions" ("user_id");
CREATE INDEX IF NOT EXISTS "auth_user_user_permissions_permission_id_1fbb5f2c" ON "auth_user_user_permissions" ("permission_id");
CREATE INDEX IF NOT EXISTS "django_admin_log_content_type_id_c4bce8eb" ON "django_admin_log" ("content_type_id");
CREATE INDEX IF NOT EXISTS "django_admin_log_user_id_c564eba6" ON "django_admin_log" ("user_id");
CREATE UNIQUE INDEX "django_content_type_app_label_model_76bd3d3b_uniq" ON "django_content_type" ("app_label", "model");
CREATE UNIQUE INDEX "auth_permission_content_type_id_codename_01ab375a_uniq" ON "auth_permission" ("content_type_id", "codename");
CREATE INDEX IF NOT EXISTS "auth_permission_content_type_id_2f476e4b" ON "auth_permission" ("content_type_id");
CREATE INDEX IF NOT EXISTS "django_session_expire_date_a5c62663" ON "django_session" ("expire_date");
CREATE INDEX IF NOT EXISTS "verification_student_institution_id_2d8f3eb1" ON "verification_student" ("institution_id");
CREATE INDEX IF NOT EXISTS "verification_certificate_student_id_678b577a" ON "verification_certificate" ("student_id");
CREATE INDEX IF NOT EXISTS "verification_transcript_student_id_a0ca084f" ON "verification_transcript" ("student_id");
CREATE TABLE IF NOT EXISTS "verification_contactmessage" ("id" integer NOT NULL PRIMARY KEY AUTOINCREMENT, "name" varchar(255) NOT NULL, "email" varchar(254) NOT NULL, "message" text NOT NULL, "created_at" datetime NOT NULL);
INSERT INTO "verification_contactmessage" VALUES(1,'Jack','ja@gmail.com','The cert takes long to verify','2024-07-26 07:23:33.528817');
CREATE UNIQUE INDEX "auth_group_permissions_group_id_permission_id_0cd325b0_uniq" ON "auth_group_permissions" ("group_id", "permission_id");
CREATE INDEX IF NOT EXISTS "auth_group_permissions_group_id_b120cbf9" ON "auth_group_permissions" ("group_id");
CREATE INDEX IF NOT EXISTS "auth_group_permissions_permission_id_84c5c92e" ON "auth_group_permissions" ("permission_id");
CREATE UNIQUE INDEX "auth_user_groups_user_id_group_id_94350c0c_uniq" ON "auth_user_groups" ("user_id", "group_id");
CREATE INDEX IF NOT EXISTS "auth_user_groups_user_id_6a12ed8b" ON "auth_user_groups" ("user_id");
CREATE INDEX IF NOT EXISTS "auth_user_groups_group_id_97559544" ON "auth_user_groups" ("group_id");
CREATE UNIQUE INDEX "auth_user_user_permissions_user_id_permission_id_14a6b632_uniq" ON "auth_user_user_permissions" ("user_id", "permission_id");
CREATE INDEX IF NOT EXISTS "auth_user_user_permissions_user_id_a95ead1b" ON "auth_user_user_permissions" ("user_id");
CREATE INDEX IF NOT EXISTS "auth_user_user_permissions_permission_id_1fbb5f2c" ON "auth_user_user_permissions" ("permission_id");
CREATE INDEX IF NOT EXISTS "django_admin_log_content_type_id_c4bce8eb" ON "django_admin_log" ("content_type_id");
CREATE INDEX IF NOT EXISTS "django_admin_log_user_id_c564eba6" ON "django_admin_log" ("user_id");
CREATE UNIQUE INDEX "django_content_type_app_label_model_76bd3d3b_uniq" ON "django_content_type" ("app_label", "model");
CREATE UNIQUE INDEX "auth_permission_content_type_id_codename_01ab375a_uniq" ON "auth_permission" ("content_type_id", "codename");
CREATE INDEX IF NOT EXISTS "auth_permission_content_type_id_2f476e4b" ON "auth_permission" ("content_type_id");
CREATE INDEX IF NOT EXISTS "django_session_expire_date_a5c62663" ON "django_session" ("expire_date");
CREATE INDEX IF NOT EXISTS "verification_student_institution_id_2d8f3eb1" ON "verification_student" ("institution_id");
CREATE INDEX IF NOT EXISTS "verification_certificate_student_id_678b577a" ON "verification_certificate" ("student_id");
CREATE INDEX IF NOT EXISTS "verification_transcript_student_id_a0ca084f" ON "verification_transcript" ("student_id");
CREATE TABLE IF NOT EXISTS "verification_employer" ("id" integer NOT NULL PRIMARY KEY AUTOINCREMENT, "company_name" varchar(255) NOT NULL, "address" varchar(255) NOT NULL, "user_id" integer NOT NULL UNIQUE REFERENCES "auth_user" ("id") DEFERRABLE INITIALLY DEFERRED, "email" varchar(254) NULL, "phone_number" varchar(10) NULL);
CREATE UNIQUE INDEX "auth_group_permissions_group_id_permission_id_0cd325b0_uniq" ON "auth_group_permissions" ("group_id", "permission_id");
CREATE INDEX IF NOT EXISTS "auth_group_permissions_group_id_b120cbf9" ON "auth_group_permissions" ("group_id");
CREATE INDEX IF NOT EXISTS "auth_group_permissions_permission_id_84c5c92e" ON "auth_group_permissions" ("permission_id");
CREATE UNIQUE INDEX "auth_user_groups_user_id_group_id_94350c0c_uniq" ON "auth_user_groups" ("user_id", "group_id");
CREATE INDEX IF NOT EXISTS "auth_user_groups_user_id_6a12ed8b" ON "auth_user_groups" ("user_id");
CREATE INDEX IF NOT EXISTS "auth_user_groups_group_id_97559544" ON "auth_user_groups" ("group_id");
CREATE UNIQUE INDEX "auth_user_user_permissions_user_id_permission_id_14a6b632_uniq" ON "auth_user_user_permissions" ("user_id", "permission_id");
CREATE INDEX IF NOT EXISTS "auth_user_user_permissions_user_id_a95ead1b" ON "auth_user_user_permissions" ("user_id");
CREATE INDEX IF NOT EXISTS "auth_user_user_permissions_permission_id_1fbb5f2c" ON "auth_user_user_permissions" ("permission_id");
CREATE INDEX IF NOT EXISTS "django_admin_log_content_type_id_c4bce8eb" ON "django_admin_log" ("content_type_id");
CREATE INDEX IF NOT EXISTS "django_admin_log_user_id_c564eba6" ON "django_admin_log" ("user_id");
CREATE UNIQUE INDEX "django_content_type_app_label_model_76bd3d3b_uniq" ON "django_content_type" ("app_label", "model");
CREATE UNIQUE INDEX "auth_permission_content_type_id_codename_01ab375a_uniq" ON "auth_permission" ("content_type_id", "codename");
CREATE INDEX IF NOT EXISTS "auth_permission_content_type_id_2f476e4b" ON "auth_permission" ("content_type_id");
CREATE INDEX IF NOT EXISTS "django_session_expire_date_a5c62663" ON "django_session" ("expire_date");
CREATE INDEX IF NOT EXISTS "verification_student_institution_id_2d8f3eb1" ON "verification_student" ("institution_id");
CREATE INDEX IF NOT EXISTS "verification_certificate_student_id_678b577a" ON "verification_certificate" ("student_id");
CREATE INDEX IF NOT EXISTS "verification_transcript_student_id_a0ca084f" ON "verification_transcript" ("student_id");
CREATE TABLE IF NOT EXISTS "verification_institution" ("id" integer NOT NULL PRIMARY KEY AUTOINCREMENT, "name" varchar(255) NOT NULL, "address" varchar(255) NOT NULL, "user_id" integer NOT NULL UNIQUE REFERENCES "auth_user" ("id") DEFERRABLE INITIALLY DEFERRED, "email" varchar(254) NULL, "phone_number" varchar(10) NULL);
INSERT INTO "verification_institution" VALUES(3,'Egerton University','Nakuru',6,'egerton@njoro.ac.ke','0785658552');
INSERT INTO "verification_institution" VALUES(4,'Kenyatta University','Ravine',13,'kenyattauni@ku.ac.ke','0785978552');
INSERT INTO "verification_institution" VALUES(5,'Nairobi University','Nairobi',3,'uon@uonbi.ac.ke','0785654213');
INSERT INTO "verification_institution" VALUES(6,'Baraton University','Eldoret',7,'baraton@uni.ac.ke','0785965458');
INSERT INTO "verification_institution" VALUES(7,'Moi University','Eldoret',9,'moi@eldy.ac.ke','0785698541');
CREATE UNIQUE INDEX "auth_group_permissions_group_id_permission_id_0cd325b0_uniq" ON "auth_group_permissions" ("group_id", "permission_id");
CREATE INDEX IF NOT EXISTS "auth_group_permissions_group_id_b120cbf9" ON "auth_group_permissions" ("group_id");
CREATE INDEX IF NOT EXISTS "auth_group_permissions_permission_id_84c5c92e" ON "auth_group_permissions" ("permission_id");
CREATE UNIQUE INDEX "auth_user_groups_user_id_group_id_94350c0c_uniq" ON "auth_user_groups" ("user_id", "group_id");
CREATE INDEX IF NOT EXISTS "auth_user_groups_user_id_6a12ed8b" ON "auth_user_groups" ("user_id");
CREATE INDEX IF NOT EXISTS "auth_user_groups_group_id_97559544" ON "auth_user_groups" ("group_id");
CREATE UNIQUE INDEX "auth_user_user_permissions_user_id_permission_id_14a6b632_uniq" ON "auth_user_user_permissions" ("user_id", "permission_id");
CREATE INDEX IF NOT EXISTS "auth_user_user_permissions_user_id_a95ead1b" ON "auth_user_user_permissions" ("user_id");
CREATE INDEX IF NOT EXISTS "auth_user_user_permissions_permission_id_1fbb5f2c" ON "auth_user_user_permissions" ("permission_id");
CREATE INDEX IF NOT EXISTS "django_admin_log_content_type_id_c4bce8eb" ON "django_admin_log" ("content_type_id");
CREATE INDEX IF NOT EXISTS "django_admin_log_user_id_c564eba6" ON "django_admin_log" ("user_id");
CREATE UNIQUE INDEX "django_content_type_app_label_model_76bd3d3b_uniq" ON "django_content_type" ("app_label", "model");
CREATE UNIQUE INDEX "auth_permission_content_type_id_codename_01ab375a_uniq" ON "auth_permission" ("content_type_id", "codename");
CREATE INDEX IF NOT EXISTS "auth_permission_content_type_id_2f476e4b" ON "auth_permission" ("content_type_id");
CREATE INDEX IF NOT EXISTS "django_session_expire_date_a5c62663" ON "django_session" ("expire_date");
CREATE INDEX IF NOT EXISTS "verification_student_institution_id_2d8f3eb1" ON "verification_student" ("institution_id");
CREATE INDEX IF NOT EXISTS "verification_certificate_student_id_678b577a" ON "verification_certificate" ("student_id");
CREATE INDEX IF NOT EXISTS "verification_transcript_student_id_a0ca084f" ON "verification_transcript" ("student_id");
CREATE TABLE IF NOT EXISTS "verification_institutionregistration" ("id" integer NOT NULL PRIMARY KEY AUTOINCREMENT, "name" varchar(255) NOT NULL, "address" text NOT NULL, "email" varchar(254) NOT NULL, "created_at" datetime NOT NULL, "phone_number" varchar(10) NULL);
INSERT INTO "verification_institutionregistration" VALUES(1,'Kirinyaga University','Kirinyaga','ki@gmail.com','2024-07-26 07:24:59.012563','07568789525');
CREATE UNIQUE INDEX "auth_group_permissions_group_id_permission_id_0cd325b0_uniq" ON "auth_group_permissions" ("group_id", "permission_id");
CREATE INDEX IF NOT EXISTS "auth_group_permissions_group_id_b120cbf9" ON "auth_group_permissions" ("group_id");
CREATE INDEX IF NOT EXISTS "auth_group_permissions_permission_id_84c5c92e" ON "auth_group_permissions" ("permission_id");
CREATE UNIQUE INDEX "auth_user_groups_user_id_group_id_94350c0c_uniq" ON "auth_user_groups" ("user_id", "group_id");
CREATE INDEX IF NOT EXISTS "auth_user_groups_user_id_6a12ed8b" ON "auth_user_groups" ("user_id");
CREATE INDEX IF NOT EXISTS "auth_user_groups_group_id_97559544" ON "auth_user_groups" ("group_id");
CREATE UNIQUE INDEX "auth_user_user_permissions_user_id_permission_id_14a6b632_uniq" ON "auth_user_user_permissions" ("user_id", "permission_id");
CREATE INDEX IF NOT EXISTS "auth_user_user_permissions_user_id_a95ead1b" ON "auth_user_user_permissions" ("user_id");
CREATE INDEX IF NOT EXISTS "auth_user_user_permissions_permission_id_1fbb5f2c" ON "auth_user_user_permissions" ("permission_id");
CREATE INDEX IF NOT EXISTS "django_admin_log_content_type_id_c4bce8eb" ON "django_admin_log" ("content_type_id");
CREATE INDEX IF NOT EXISTS "django_admin_log_user_id_c564eba6" ON "django_admin_log" ("user_id");
CREATE UNIQUE INDEX "django_content_type_app_label_model_76bd3d3b_uniq" ON "django_content_type" ("app_label", "model");
CREATE UNIQUE INDEX "auth_permission_content_type_id_codename_01ab375a_uniq" ON "auth_permission" ("content_type_id", "codename");
CREATE INDEX IF NOT EXISTS "auth_permission_content_type_id_2f476e4b" ON "auth_permission" ("content_type_id");
CREATE INDEX IF NOT EXISTS "django_session_expire_date_a5c62663" ON "django_session" ("expire_date");
CREATE INDEX IF NOT EXISTS "verification_student_institution_id_2d8f3eb1" ON "verification_student" ("institution_id");
CREATE INDEX IF NOT EXISTS "verification_certificate_student_id_678b577a" ON "verification_certificate" ("student_id");
CREATE INDEX IF NOT EXISTS "verification_transcript_student_id_a0ca084f" ON "verification_transcript" ("student_id");
CREATE TABLE IF NOT EXISTS "verification_student" ("id" integer NOT NULL PRIMARY KEY AUTOINCREMENT, "name" varchar(255) NOT NULL, "student_id" varchar(50) NOT NULL UNIQUE, "institution_id" bigint NOT NULL REFERENCES "verification_institution" ("id") DEFERRABLE INITIALLY DEFERRED, "image" varchar(100) NULL);
INSERT INTO "verification_student" VALUES(1,'John Kennedy','CSM/305/2019',3,'student_images/photo2.jpeg');
INSERT INTO "verification_student" VALUES(2,'Jane Chepkirui','LAW/205/2018',4,'student_images/photo4.jpeg');
INSERT INTO "verification_student" VALUES(3,'Liz Truss','MBA/105/2017',5,'student_images/liztruss_J52fi5v.jpeg');
INSERT INTO "verification_student" VALUES(4,'Deborah Chazima','PHAM/405/2020',6,'student_images/photo5.jpeg');
INSERT INTO "verification_student" VALUES(5,'Barrack Ndegwa','MED/505/2021',7,'student_images/photo1.jpeg');
CREATE UNIQUE INDEX "auth_group_permissions_group_id_permission_id_0cd325b0_uniq" ON "auth_group_permissions" ("group_id", "permission_id");
CREATE INDEX IF NOT EXISTS "auth_group_permissions_group_id_b120cbf9" ON "auth_group_permissions" ("group_id");
CREATE INDEX IF NOT EXISTS "auth_group_permissions_permission_id_84c5c92e" ON "auth_group_permissions" ("permission_id");
CREATE UNIQUE INDEX "auth_user_groups_user_id_group_id_94350c0c_uniq" ON "auth_user_groups" ("user_id", "group_id");
CREATE INDEX IF NOT EXISTS "auth_user_groups_user_id_6a12ed8b" ON "auth_user_groups" ("user_id");
CREATE INDEX IF NOT EXISTS "auth_user_groups_group_id_97559544" ON "auth_user_groups" ("group_id");
CREATE UNIQUE INDEX "auth_user_user_permissions_user_id_permission_id_14a6b632_uniq" ON "auth_user_user_permissions" ("user_id", "permission_id");
CREATE INDEX IF NOT EXISTS "auth_user_user_permissions_user_id_a95ead1b" ON "auth_user_user_permissions" ("user_id");
CREATE INDEX IF NOT EXISTS "auth_user_user_permissions_permission_id_1fbb5f2c" ON "auth_user_user_permissions" ("permission_id");
CREATE INDEX IF NOT EXISTS "django_admin_log_content_type_id_c4bce8eb" ON "django_admin_log" ("content_type_id");
CREATE INDEX IF NOT EXISTS "django_admin_log_user_id_c564eba6" ON "django_admin_log" ("user_id");
CREATE UNIQUE INDEX "django_content_type_app_label_model_76bd3d3b_uniq" ON "django_content_type" ("app_label", "model");
CREATE UNIQUE INDEX "auth_permission_content_type_id_codename_01ab375a_uniq" ON "auth_permission" ("content_type_id", "codename");
CREATE INDEX IF NOT EXISTS "auth_permission_content_type_id_2f476e4b" ON "auth_permission" ("content_type_id");
CREATE INDEX IF NOT EXISTS "django_session_expire_date_a5c62663" ON "django_session" ("expire_date");
CREATE INDEX IF NOT EXISTS "verification_student_institution_id_2d8f3eb1" ON "verification_student" ("institution_id");
CREATE INDEX IF NOT EXISTS "verification_certificate_student_id_678b577a" ON "verification_certificate" ("student_id");
CREATE INDEX IF NOT EXISTS "verification_transcript_student_id_a0ca084f" ON "verification_transcript" ("student_id");
CREATE TABLE IF NOT EXISTS "verification_transcript" ("id" integer NOT NULL PRIMARY KEY AUTOINCREMENT, "transcript_file" varchar(100) NOT NULL, "student_id" bigint NOT NULL REFERENCES "verification_student" ("id") DEFERRABLE INITIALLY DEFERRED);
INSERT INTO "verification_transcript" VALUES(1,'transcripts/Kennedy_Transcript.pdf',1);
INSERT INTO "verification_transcript" VALUES(2,'transcripts/Jane_Transcript.pdf',2);
INSERT INTO "verification_transcript" VALUES(3,'transcripts/Liz_Transcript.pdf',3);
INSERT INTO "verification_transcript" VALUES(4,'transcripts/Deborah_Transcript.pdf',4);
INSERT INTO "verification_transcript" VALUES(5,'transcripts/Barrack_Transcript.pdf',5);
CREATE UNIQUE INDEX "auth_group_permissions_group_id_permission_id_0cd325b0_uniq" ON "auth_group_permissions" ("group_id", "permission_id");
CREATE INDEX IF NOT EXISTS "auth_group_permissions_group_id_b120cbf9" ON "auth_group_permissions" ("group_id");
CREATE INDEX IF NOT EXISTS "auth_group_permissions_permission_id_84c5c92e" ON "auth_group_permissions" ("permission_id");
CREATE UNIQUE INDEX "auth_user_groups_user_id_group_id_94350c0c_uniq" ON "auth_user_groups" ("user_id", "group_id");
CREATE INDEX IF NOT EXISTS "auth_user_groups_user_id_6a12ed8b" ON "auth_user_groups" ("user_id");
CREATE INDEX IF NOT EXISTS "auth_user_groups_group_id_97559544" ON "auth_user_groups" ("group_id");
CREATE UNIQUE INDEX "auth_user_user_permissions_user_id_permission_id_14a6b632_uniq" ON "auth_user_user_permissions" ("user_id", "permission_id");
CREATE INDEX IF NOT EXISTS "auth_user_user_permissions_user_id_a95ead1b" ON "auth_user_user_permissions" ("user_id");
CREATE INDEX IF NOT EXISTS "auth_user_user_permissions_permission_id_1fbb5f2c" ON "auth_user_user_permissions" ("permission_id");
CREATE INDEX IF NOT EXISTS "django_admin_log_content_type_id_c4bce8eb" ON "django_admin_log" ("content_type_id");
CREATE INDEX IF NOT EXISTS "django_admin_log_user_id_c564eba6" ON "django_admin_log" ("user_id");
CREATE UNIQUE INDEX "django_content_type_app_label_model_76bd3d3b_uniq" ON "django_content_type" ("app_label", "model");
CREATE UNIQUE INDEX "auth_permission_content_type_id_codename_01ab375a_uniq" ON "auth_permission" ("content_type_id", "codename");
CREATE INDEX IF NOT EXISTS "auth_permission_content_type_id_2f476e4b" ON "auth_permission" ("content_type_id");
CREATE INDEX IF NOT EXISTS "django_session_expire_date_a5c62663" ON "django_session" ("expire_date");
CREATE INDEX IF NOT EXISTS "verification_student_institution_id_2d8f3eb1" ON "verification_student" ("institution_id");
CREATE INDEX IF NOT EXISTS "verification_certificate_student_id_678b577a" ON "verification_certificate" ("student_id");
CREATE INDEX IF NOT EXISTS "verification_transcript_student_id_a0ca084f" ON "verification_transcript" ("student_id");
